Species.name,Start,End,Zone start,Zone end,Zone start ref,Zone end ref,Timescale,Start.Date.reference,End.Date.reference
Acarinina africana,55.4,55.3,E2,E2,Aze,Aze,CK95,Berggren et al (2006a),Berggren et al (2006a)
Acarinina alticonica,53.2,47,E4,E7b,Aze,Aze,CK95,Berggren et al (2006a),Berggren et al (2006a)
Acarinina angulosa,55.7,46.4,P5,E7b,Aze,Aze,CK95,Berggren et al (2006a),Berggren et al (2006a)
Acarinina aspensis,50.4,48.7,E7a,E7b,Aze,Aze,CK95,Berggren et al (2006a),Berggren et al (2006a)
Acarinina boudreauxi,49.8,43.7,E7a,E9,Aze,Aze,CK95,Berggren et al (2006a),Berggren et al (2006a)
Acarinina bullbrooki,49,40.5,E7b,E11,Aze,Aze,CK95,Berggren et al (2006a),Berggren et al (2006a)
Acarinina coalingensis,56.5,50.1,P4c,E7a,Aze,Aze,CK95,Berggren et al (1999),Berggren et al (1999)
Acarinina collactea,50.4,24.2,E7a,O7,OA,OA,CK95,Wade stratigraphic range dates (2018),Wade and Hernitz Kucenjak (2018)
Acarinina cuneicamerata,50.4,44,E7a,E9,Wade,Aze,CK95,Berggren et al (2006a),Berggren et al (2006a)
Acarinina echinata,43.4,28.95,E10,O4,OA,OA,CK95,Wade stratigraphic range dates (2018),Wade and Hernitz Kucenjak (2018)
Acarinina esnaensis,56.3,51.2,P4c,E5,Aze,Aze,CK95,Berggren et al (2006a),Berggren et al (2006a)
Acarinina esnehensis,55.8,50.4,P5,E6,Aze,Aze,CK95,Berggren et al (2006a),Berggren et al (2006a)
Acarinina interposita,54,50.4,E4,E6,Aze,Aze,CK95,Berggren et al (2006a),Berggren et al (2006a)
Acarinina mcgowrani,49.25,38,E7a,E13,Aze,Aze,CK95,Berggren et al (2006a),Berggren et al (2006a)
Acarinina mckannai,59.25,56.3,P4a,P4c,Aze,Aze,CK95,Berggren et al (1999),Berggren et al (1999)
Acarinina medizzai,42.5,28.65,E10,O4,OA,OA,CK95,Wade stratigraphic range dates (2018),Wade and Hernitz Kucenjak (2018)
Acarinina nitida,59.5,56.2,P3b,P4c,Aze,Aze,CK95,Berggren et al (1999),Berggren et al (1999)
Acarinina pentacamerata,52.3,47,E5,E7b,Aze,Aze,CK95,Berggren et al (2006a),Berggren et al (2006a)
Acarinina praetopilensis,48.7,40,E7b,E12,Aze,Aze,CK95,Berggren et al (2006a),Berggren et al (2006a)
Acarinina primitiva,50.8,38.8,E6,E13,Aze,Aze,CK95,Berggren et al (2006a),Berggren et al (2006a)
Acarinina pseudosubsphaerica,50.4,42.3,E7a,E10,Aze,Aze,CK95,Berggren et al (2006a),Berggren et al (2006a)
Acarinina pseudotopilensis,55.5,47.25,E1,E7b,Aze,Aze,CK95,Berggren et al (2006a),Berggren et al (2006a)
Acarinina punctocarinata,47,40.5,E7b,E11,Aze,Aze,CK95,Berggren et al (2006a),Berggren et al (2006a)
Acarinina quetra,54,50.4,E4,E6,Aze,Aze,CK95,Berggren et al (2006a),Berggren et al (2006a)
Acarinina rohri,42.8,38.2,E10,E13,Aze,Aze,CK95,Berggren et al (2006a),Berggren et al (2006a)
Acarinina sibaiyaensis,55.5,55.3,E1,E2,Wade,Aze,CK95,Berggren et al (2006a),Berggren et al (2006a)
Acarinina soldadoensis,56.4,46.4,P4c,E7b,Aze,Aze,CK95,Berggren et al (1999),Berggren et al (1999)
Acarinina strabocella,60.8,59.3,P3a,P4a,Aze,Aze,CK95,Berggren et al (1999),Berggren et al (1999)
Acarinina subsphaerica,59.4,54.2,P4a,E3,Aze,Aze,CK95,Berggren et al (1999),Berggren et al (1999)
Acarinina topilensis,43.2,40.3,E10,E12,Aze,Aze,CK95,Berggren et al (2006a),Berggren et al (2006a)
Acarinina wilcoxensis,55.7,50.9,P5,E5,Aze,Aze,CK95,Berggren et al (2006a),Berggren et al (2006a)
Alicantina lozanoi,52.33,42.76,E4,E10,Other95,Other95,CK95,Soldan et al (2018),Soldan et al (2018)
Alicantina prolata,54,44.4,E4,E8,Other95,Other95,CK95,Soldan et al (2018),Soldan et al (2018)
Astrorotalia palmerae,49.55,47.55,E7a,E7b,Aze,Aze,CK95,Berggren et al (2006b),Berggren et al (2006b)
Beella digitata,5,0,PL1,Extant,Aze,Extant,CK95,NEPTUNE,Kennett and Srinivasan (1983)
Beella megastoma,0.3,0,PT1b,Extant,Aze,Extant,CK95,Backstrom et al (2001),Backstrom et al (2001)
Beella praedigitata,12.4,0.8,M9b,PT1a,Aze,Aze,CK95,Chaisson and Pearson (1997),Chaisson and Pearson (1997)
Berggrenia pumilio,0,0,Extant,Extant,Pearson,Extant,CK95,,
Candeina nitida,8.43,0,M13b,Extant,GTS 2012,Extant,GTS2012,GTS (2012),
Candeina praenitida,8.7,6,M13a,M14,Mikrotax,Mikrotax,GTS2012,,
Cassigerinella chipolensis,33.89,10.89,O1,M11,GTS 2012,GTS 2012,GTS2012,GTS (2012),GTS (2012)
Cassigerinella eocaenica,38.6,13.22,E13,M9a,Pearson,Wade,CK95,Huber et al (2006),GTS (2012)
Cassigerinelloita amekiensis,49.98,45.00,E7a,E8,EA,EA,CK95,Huber et al (2006),Huber et al (2006)
Catapsydrax africanus,39,34.3,E13,E15,Aze,Aze,CK95,Olsson et al (2006a),Olsson et al (2006a)
Catapsydrax dissimilis,39,17.62,E13,M3,OA,OA,CK95,Wade stratigraphic range dates (2018),Wade stratigraphic range dates (2018)
Catapsydrax globiformis,40.4,34.3,E12,E15,Aze,Aze,CK95,Olsson et al (2006a),Olsson et al (2006a)
Catapsydrax howei,44.35,33.7,E9,E16,Aze,Aze,CK95,Olsson et al (2006a),Olsson et al (2006a)
Catapsydrax indianus,26.7,20.8,O6,M2,OA,OA,CK95,Coxall and Spezzaferri (2018),Coxall and Spezzaferri (2018)
Catapsydrax unicavus,55,10.2,E2,M12,Aze,OA,CK95,Olsson et al (2006c),Wade stratigraphic range dates (2018)
Chiloguembelina adriatica,33.8,27.7,E16,O5,OA,OA,CK95,,
Chiloguembelina andreae,33.9,30.2,E16,O2,OA,OA,CK95,,
Chiloguembelina crinita,59.40,44.25,P4a,E9,EA,EA,CK95,Huber et al (2006),Huber et al (2006)
Chiloguembelina cubensis,43.00,23.73,E10,O7,EA,EA,CK95,Huber et al (2006),Huber et al (2006)
Chiloguembelina midwayensis,64.82,55.80,Pa,P5,PA,PA,CK95,Olsson et al (1999),Olsson et al (1999)
Chiloguembelina morsei,64.94,62.53,Pa,P1c,PA,PA,CK95,Olsson et al (1999),Olsson et al (1999)
Chiloguembelina ototara,44.40,32.00,E9,O1,EA,OA,CK95,Huber et al (2006),Premec Fucek et al (2018)
Chiloguembelina parallela,54.50,53.60,E3,E4,EA,EA,CK95,Huber et al (2006),Huber et al (2006)
Chiloguembelina subtriangularis,62.22,59.82,P1c,P3b,PA,PA,CK95,Olsson et al (1999),Olsson et al (1999)
Chiloguembelina trinitatensis,55.90,54.20,P5,E3,EA,EA,CK95,Huber et al (2006),Huber et al (2006)
Chiloguembelina wilcoxensis,56.50,53.60,P4c,E4,EA,EA,CK95,Huber et al (2006),Huber et al (2006)
Ciperoella anguliofficinalis,34.9,15.5,E15,M5b,OA,OA,CK95,Olsson et al (2018),Wade stratigraphic range dates (2018)
Ciperoella angulisuturalis,29.4,21.6,O4,M2,OA,OA,CK95,Olsson et al (2018),Olsson et al (2018)
Ciperoella ciperoensis,30,23.68,O3,M1a,OA,OA,CK95,Olsson et al (2018),Olsson et al (2018)
Ciperoella fariasi,29.7,22.35,O3,M1b,OA,OA,CK95,Olsson et al (2018),Olsson et al (2018)
Clavatorella bermudezi,16.4,12.1,M5a,M9b,Aze,Aze,CK95,Kennett and Srinivasan (1983),Kennett and Srinivasan (1983)
Clavigerinella akersi,47.22,42.7,E7b,E10,Aze,Aze,CK95,Coxall and Pearson (2006),Coxall and Pearson (2006)
Clavigerinella caucasica,44.6,44.45,E8,E8,Aze,Aze,CK95,Coxall and Pearson (2006),Coxall and Pearson (2006)
Clavigerinella colombiana,47.4,43.3,E7b,E10,Aze,Aze,CK95,Coxall and Pearson (2006),Coxall and Pearson (2006)
Clavigerinella eocanica,48.1,34,E7b,E16,Aze,Aze,CK95,Coxall and Pearson (2006),Coxall and Pearson (2006)
Clavigerinella jarvisi,47.25,43.3,E7b,E10,Aze,Aze,CK95,Coxall and Pearson (2006),Coxall and Pearson (2006)
Cribrohantkenina inflata,36.4,33.7,E14,E16,Aze,Aze,CK95,Coxall and Pearson (2006),Coxall and Pearson (2006)
Dentigloborotalia anfracta,5.72,0,PL1,Extant,Mikrotax,Extant,GTS2012,,
Dentoglobigerina altispira,22.7,3.13,M1b,PL4,OA,OA,CK95,Wade et al (2018),Wade and Hernitz Kucenjak (2018); Woodhouse et al
Dentoglobigerina baroemoenensis,30.6,3.04,O2,PL5,OA,OA,CK95,Wade et al (2018),Wade and Hernitz Kucenjak (2019); Woodhouse et al
Dentoglobigerina binaiensis,25.9,16,O7,M5b,OA,OA,CK95,Wade et al (2018),Wade et al (2018)
Dentoglobigerina eotripartita,38,31.3,E14,O2,OA,OA,CK95,Wade stratigraphic range dates (2018),Wade et al (2018)
Dentoglobigerina galavisi,40.3,23.35,E12,M1a,OA,OA,CK95,Olsson et al (2006b),Wade et al (2018)
Dentoglobigerina globosa,28,3.13,O5,PL4,OA,OA,CK95,Wade et al (2018),Wade stratigraphic range dates (2018); Woodhouse et al
Dentoglobigerina globularis,34.05,23.45,E16,M1a,OA,OA,CK95,Wade et al (2018),Wade et al (2018)
Dentoglobigerina juxtabinaiensis,20.1,15.4,M2,M5b,Other,Other,GTS2012,Wade et al (2018),Wade et al (2018)
Dentoglobigerina larmeui,31.2,8,O2,M13b,OA,OA,CK95,Wade et al (2018),Wade stratigraphic range dates (2018)
Dentoglobigerina prasaepis,33.55,25.4,O1,O7,OA,OA,CK95,Wade et al (2018),Wade stratigraphic range dates (2018)
Dentoglobigerina pseudovenezuelana,40.3,31.6,E12,O2,OA,OA,CK95,Wade stratigraphic range dates (2018),Wade et al (2018)
Dentoglobigerina sellii,32.8,16.3,O1,M5a,OA,OA,CK95,Wade et al (2018),Wade stratigraphic range dates (2018)
Dentoglobigerina taci,34.05,33.4,E16,O1,OA,OA,CK95,Wade et al (2018),Wade et al (2018)
Dentoglobigerina tapuriensis,34,23.85,E16,O7,OA,OA,CK95,Wade et al (2018),Wade et al (2018)
Dentoglobigerina tripartita,32.85,11.55,O1,M10,OA,OA,CK95,Wade et al (2018),Wade stratigraphic range dates (2018)
Dentoglobigerina venezuelana,33.2,2.2,O1,PL6,Aze,OA,CK95,Wade et al (2018),Wade stratigraphic range dates (2018)
Dipsidripella danvillensis,43.64,31.70,E9,O2,EA,OA,CK95,Huber et al (2006),Pearson et al (2018)
Dipsidripella liqianyui,42.70,32.60,E10,O1,EA,OA,CK95,Huber et al (2006),Pearson et al (2018)
Eoglobigerina edita,64.9,61.15,Pa,P2,Aze,Aze,CK95,Olsson et al (1999a),Olsson et al (1999a)
Eoglobigerina eobulloides,64.97,63.6,Pa,P1b,Aze,Aze,CK95,Olsson et al (1999a),Olsson et al (1999a)
Eoglobigerina spiralis,61.2,60.9,P2,P3a,Aze,Aze,CK95,Olsson et al (1999a),Olsson et al (1999a)
Fohsella fohsi,13.34,11.71,M9a,M9b,Wade,Wade,CK95,Wade et al (2011),Wade et al (2011)
Fohsella lenguaensis,13.7,6,M8,M13b,Aze,Wade,CK95,Wade et al (2011),Wade et al (2011)
Fohsella lobata,13.3,11.9,M9a,M9b,Aze,Aze,CK95,Kennett and Srinivasan (1983),Kennett and Srinivasan (1983)
Fohsella paralenguaensis,13.6,9.3,M8,M13a,Aze,Aze,CK95,Kennett and Srinivasan (1983),Kennett and Srinivasan (1983)
Fohsella peripheroacuta,14.23,13.4,M7,M8,Wade,Aze,CK95,Wade et al (2011),Kennett and Srinivasan (1983)
Fohsella peripheroronda,22,13.8,M1b,M7,Aze,Aze,CK95,Norris et al (1993),Norris et al (1993)
Fohsella praefohsi,13.74,13.1,M8,M9a,Wade,Aze,CK95,Wade et al (2011),Norris et al (1993)
Fohsella robusta,13.09,11.9,M9b,M9b,Wade,Aze,CK95,Wade et al (2011),Kennett and Srinivasan (1983)
Gallitellia vivans,3.60,0.00,PL3,Extant,Mikrotax,Extant,GTS2012,Kroon and Nederbragt (1990),
Globanomalina archeocompressa,64.95,62.8,Pa,P1c,Aze,Aze,CK95,Olsson et al (1999b),Olsson et al (1999b)
Globanomalina australiformis,55.88,43.8,P5,E9,Aze,Aze,CK95,Olsson et al (1999b),Olsson et al (1999b)
Globanomalina chapmani,59.45,53.7,P3b,E4,Aze,Aze,CK95,Olsson et al (1999b),Olsson et al (1999b)
Globanomalina compressa,62.9,60.7,P1c,P3a,Aze,Aze,CK95,Olsson et al (1999b),Olsson et al (1999b)
Globanomalina ehrenbergi,61.1,59.38,P2,P4a,Aze,Aze,CK95,Olsson et al (1999b),Olsson et al (1999b)
Globanomalina imitata,62.05,55.8,P1c,P5,Aze,Aze,CK95,Olsson et al (1999b),Olsson et al (1999b)
Globanomalina luxorensis,55.7,54.45,P5,E3,Aze,Aze,CK95,Olsson and Hemleben (2006),Olsson and Hemleben (2006)
Globanomalina ovalis,56.5,55.3,P4c,E2,Aze,Aze,CK95,Olsson et al (1999b),Olsson et al (1999b)
Globanomalina planocompressa,64.9,62,Pa,P1c,Aze,Aze,CK95,Olsson et al (1999b),Olsson et al (1999b)
Globanomalina planoconica,56.3,50.6,P4c,E6,Aze,Aze,CK95,Olsson et al (1999b),Olsson et al (1999b)
Globanomalina pseudomenardii,59.4,55.9,P4a,P4c,Aze,Aze,CK95,Olsson et al (1999b),Olsson et al (1999b)
Globigerina archaeobulloides,33.6,24.4,O1,O7,OA,OA,CK95,Spezzaferri et al (2018),Spezzaferri et al (2018)
Globigerina bulloides,28.1,0,O5,Extant,OA,Extant,CK95,Spezzaferri et al (2018),Kennett and Srinivasan (1983)
Globigerina eamesi,26.3,2,O6,PL6,Aze,Aze,CK95,Kennett & Srinivasan (1983),Kennett & Srinivasan (1983)
Globigerina falconensis,18.4,0,M3,Extant,Aze,Extant,CK95,Kennett & Srinivasan (1983),Kennett & Srinivasan (1983)
Globigerina officinalis,43.5,20.9,E10,M2,OA,OA,CK95,Wade stratigraphic range dates (2018),Spezzaferri et al (2018)
Globigerina umbilicata,2.5,0.6,PL5,PT1b,Aze,Aze,CK95,Kennett and Srinivasan (1983),Kennett and Srinivasan (1983)
Globigerinatella insueta,17.59,14.66,M3,M6,GTS 2012,GTS 2012,GTS2012,GTS (2012),GTS (2012)
Globigerinatheka barri,44,36.3,E9,E14,Aze,Aze,CK95,Silva et al (2006),Silva et al (2006)
Globigerinatheka curryi,43.95,41.6,E9,E11,Grace,Aze,CK95,Silva et al (2006),Silva et al (2006)
Globigerinatheka euganea,42.8,40.2,E10,E12,Aze,Aze,CK95,Silva et al (2006),Silva et al (2006)
Globigerinatheka index,43.8,34.3,E9,E15,Aze,Aze,CK95,Silva et al (2006),Silva et al (2006)
Globigerinatheka korotkovi,44.3,35.5,E9,E15,Aze,Aze,CK95,Silva et al (2006),Silva et al (2006)
Globigerinatheka kugleri,44.4,39.8,E9,E13,Wade,Aze,CK95,Wade et al (2011),Silva et al (2006)
Globigerinatheka luterbacheri,40.3,34.3,E12,E15,Aze,Aze,CK95,Silva et al (2006),Silva et al (2006)
Globigerinatheka mexicana,44.4,36,E9,E14,Aze,Aze,CK95,Silva et al (2006),Silva et al (2006)
Globigerinatheka semiinvoluta,38.5,35.8,E13,E14,Aze,Aze,CK95,Silva et al (2006),Silva et al (2006)
Globigerinatheka subconglobata,45.95,39.6,E8,E13,Aze,Aze,CK95,Silva et al (2006),Silva et al (2006)
Globigerinatheka tropicalis,39.1,33.8,E13,E16,Aze,Aze,CK95,Silva et al (2006),Silva et al (2006)
Globigerinella adamsi,0.7,0,PT1a,Extant,Aze,Extant,CK95,Coxall et al (2007),Coxall et al (2007)
Globigerinella calida,4.4,0,PL1,Extant,Aze,Extant,CK95,Chaisson and Pearson (1997),Chaisson and Pearson (1997)
Globigerinella clavaticamerata,28.3,14.9,O5,M6,OA,OA,CK95,Spezzaferri et al (2018),Wade stratigraphic range dates (2018)
Globigerinella megaperta,30,27.3,O3,O6,OA,OA,CK95,Spezzaferri et al (2018),Spezzaferri et al (2018)
Globigerinella molinae,28.6,23.4,O4,M1a,OA,OA,CK95,Spezzaferri et al (2018),Spezzaferri et al (2018)
Globigerinella navazuelensis,28.7,19.85,O4,M2,OA,OA,CK95,Spezzaferri et al (2018),Spezzaferri et al (2018)
Globigerinella obesa,33.1,5,O1,PL1,OA,OA,CK95,Spezzaferri et al (2018),Wade stratigraphic range dates (2018)
Globigerinella praesiphonifera,29.25,11.7,O4,M10,OA,Aze,CK95,Spezzaferri et al (2018),Wade stratigraphic range dates (2018)
Globigerinella roeglina,29.3,16.15,O4,M5b,OA,OA,CK95,Spezzaferri et al (2018),Spezzaferri et al (2018)
Globigerinella siphonifera,12.5,0,M9b,Extant,Aze,Extant,CK95,Kennett and Srinivasan (1983),Chaisson and Pearson (1997)
Globigerinella wagneri,33.2,27.65,O1,O5,OA,OA,CK95,Spezzaferri et al (2018),Spezzaferri et al (2018)
Globigerinita glutinata,31.80,0.00,O2,Extant,OA,Extant,CK95,Pearson et al (2018),Pearson et al (2018)
Globigerinita minuta,0,0,Extant,Extant,Extant,Extant,CK95,,
Globigerinita parkerae,11.79,0.00,M10,Extant,Mikrotax,Extant,GTS2012,,
Globigerinita uvula,27.50,0.00,O6,Extant,OA,Extant,CK95,Pearson et al (2018),Pearson et al (2018)
Globigerinoides altiaperturus,22.1,16.4,M1b,M4b,OA,OA,CK95,Spezzaferri et al (2018),Spezzaferri et al (2018)
Globigerinoides bollii,22.6,3.14,M1b,PL4,OA,OA,CK95,Spezzaferri et al (2018),Wade stratigraphic range dates (2018)
Globigerinoides conglobatus,6.08,0,M13b,Extant,Wade,Extant,CK95,Wade et al (2011),Kennett and Srinivasan (1983)
Globigerinoides diminutus,17.3,14.8,M4a,M6,Aze,Aze,CK95,Stanley et al (1988),Stanley et al (1988)
Globigerinoides elongatus,4,0,NoZone,Extant,Molecular clock,Extant,GTS2012,Aurahs et al (2011),Aurahs et al (2011)
Globigerinoides eoconglobatus,9.1,0,M13a,Extant,Other,Extant,GTS2012,Stainbank et al (2018),Stainbank et al (2018)
Globigerinoides extremus,8.86,1.99,M13a,PL6,Wade,Wade,CK95,Wade et al (2011),Wade et al (2011)
Globigerinoides italicus,23.2,4,M1b,PL2,OA,OA,CK95,Spezzaferri et al (2018),Spezzaferri et al (2018)
Globigerinoides joli,23.2,16.4,M1b,M4b,OA,OA,CK95,Spezzaferri et al (2018),Spezzaferri et al (2018)
Globigerinoides mitra,18,12.1,M3,M9b,Aze,Aze,CK95,Stanley et al (1988),Stanley et al (1988)
Globigerinoides neoparawoodi,23.35,14.5,M1a,M6,OA,OA,CK95,Spezzaferri et al (2018),Spezzaferri et al (2018)
Globigerinoides obliquus,22.1,1.3,M1b,PT1a,OA,OA,CK95,Spezzaferri et al (2018),Chaisson and Pearson (1997)
Globigerinoides ruber,15.1,0,M6,Extant,Aze,Extant,CK95,Stanley et al (1988),Stanley et al (1988)
Globigerinoides seigliei,9.6,5.3,M13a,PL1,Aze,Aze,CK95,Stanley et al (1988),Stanley et al (1988)
Globigerinoides subquadratus,23.25,11.46,M1a,M11,OA,OA,CK95,Spezzaferri et al (2018),Wade stratigraphic range dates (2018)
Globigerinoidesella fistulosa,3.33,1.88,PL3,PL6,Wade,Wade,CK95,Wade et al (2011),Wade et al (2011)
Globoconella conoidea,16.4,5.7,M5a,M14,Aze,Aze,CK95,Wei (1994),Wei (1994)
Globoconella conomiozea,6,5.5,M14,PL1,Aze,Aze,CK95,Wei (1994),Wei (1994)
Globoconella inflata,2.6,0,PL5,Extant,Aze,Extant,CK95,Wei (1994),Wei (1994)
Globoconella miozea,18.3,11.2,M3,M11,Aze,Aze,CK95,D. R. M. Stewart unpublished data,D. R. M. Stewart unpublished data
Globoconella pliozea,5.35,3.9,PL1,PL2,Aze,Aze,CK95,Wei (1994),Wei (1994)
Globoconella pseudospinosa,4.57,4.1,PL1,PL2,Other,Other,GTS2012,Crundwell (2018),Crundwell (2018)
Globoconella puncticulata,4.6,2.3,PL1,PL6,Aze,Aze,CK95,Wei (1994),Wei (1994)
Globoconella sphericomiozea,5.4,4.5,PL1,PL1,Aze,Aze,CK95,Wei (1994),Wei (1994)
Globoconella terminalis,5.6,5,PL1,PL1,Aze,Grace,CK95,Wei (1994),Wei (1994)
Globoconusa daubjergensis,64.97,61.4,Pa,P1c,PA,PA,CK95,Olsson et al (1999),Olsson et al (1999)
Globoquadrina conglomerata,4.2,0,PL2,Extant,Aze,Extant,CK95,Aze et al (2011),Aze et al (2011)
Globoquadrina dehiscens,24.95,5.8,O7,M14,OA,OA,CK95,Wade et al (2018),Wade stratigraphic range dates (2018)
Globorotalia bella,18.6,13.9,M3,M7,Aze,Aze,CK95,Kennett and Srinivasan (1983),Kennett and Srinivasan (1983)
Globorotalia flexuosa,5.7,0.2,M14,PT1b,Aze,Aze,CK95,D. R. M. Stewart unpublished data,D. R. M. Stewart unpublished data
Globorotalia merotumida,11,5.8,M11,M14,Aze,Aze,CK95,D. R. M. Stewart unpublished data,D. R. M. Stewart unpublished data
Globorotalia plesiotumida,6.4,4.5,M13b,PL1,Aze,Aze,CK95,D. R. M. Stewart unpublished data,D. R. M. Stewart unpublished data
Globorotalia tumida,5.63,0,M14,Extant,Wade,Extant,CK95,Wade et al (2011),D. R. M. Stewart unpublished data
Globorotalia ungulata,4.9,0,PL1,Extant,Aze,Extant,CK95,Chaisson and Leckie (1993),D. R. M. Stewart unpublished data
Globorotalia zealandica,17.3,16.4,M4a,M4b,Wade,Aze,CK95,D. R. M. Stewart unpublished data,D. R. M. Stewart unpublished data
Globorotaloides atlanticus,25.75,19.15,O7,M3,OA,OA,CK95,Coxall and Spezzaferri (2018),Coxall and Spezzaferri (2018)
Globorotaloides eovariabilis,49.3,21.4,E7a,M2,OA,OA,CK95,Wade stratigraphic range dates (2018),Coxall and Spezzaferri (2018)
Globorotaloides hexagonus,28.7,0,O4,Extant,OA,Extant,CK95,Coxall and Spezzaferri (2018),Kennett and Srinivasan (1983)
Globorotaloides quadrocameratus,55.2,23.15,E2,M1b,Aze,OA,CK95,Olsson et al (2006c),Coxall and Spezzaferri (2018)
Globorotaloides stainforthi,28.55,17.1,O4,M4a,OA,OA,CK95,Coxall and Spezzaferri (2018),Wade stratigraphic range dates (2018)
Globorotaloides suteri,41,15.7,E11,M5b,OA,OA,CK95,Wade stratigraphic range dates (2018),Wade stratigraphic range dates (2018)
Globorotaloides testarugosus,28.7,22.8,O4,M1b,OA,OA,CK95,Coxall and Spezzaferri (2018),Coxall and Spezzaferri (2018)
Globorotaloides variabilis,30.2,15,O3,M6,OA,OA,CK95,Coxall and Spezzaferri (2018),Wade stratigraphic range dates (2018)
Globoturborotalita apertura,10.9,1.3,M11,PT1a,Aze,Aze,CK95,Stanley et al (1988),Stanley et al (1988)
Globoturborotalita barbula,34.7,33.5,E15,O1,OA,OA,CK95,Spezzaferri et al (2018),Spezzaferri et al (2018)
Globoturborotalita bassriverensis,55.5,32,E1,O1,OA,OA,CK95,Wade stratigraphic range dates (2018),Spezzaferri et al (2018)
Globoturborotalita brazieri,29.9,17.4,O3,M4a,OA,OA,CK95,Spezzaferri et al (2018),Spezzaferri et al (2018)
Globoturborotalita cancellata,34.3,28.3,E16,O5,OA,OA,CK95,Spezzaferri et al (2018),Spezzaferri et al (2018)
Globoturborotalita connecta,25.1,16.4,O7,M4b,OA,OA,CK95,Spezzaferri et al (2018),Spezzaferri et al (2018)
Globoturborotalita decoraperta,15,2,M6,PL6,Aze,Aze,CK95,Stanley et al (1988),Chaisson and Pearson (1997)
Globoturborotalita druryi,21.5,0.6,M2,PT1b,Aze,Aze,CK95,Kennett and Srinivasan (1983),Kennett and Srinivasan (1983)
Globoturborotalita eolabiacrassata,49,16,E7b,M5b,OA,OA,CK95,Wade stratigraphic range dates (2018),Spezzaferri et al (2018)
Globoturborotalita euapertura,28.85,22.15,O4,M1b,OA,OA,CK95,Spezzaferri et al (2018),Spezzaferri et al (2018)
Globoturborotalita gnaucki,35.4,28.6,E15,O4,OA,OA,CK95,Spezzaferri et al (2018),Spezzaferri et al (2018)
Globoturborotalita kennetti,9,5.3,M13a,PL1,Aze,Aze,CK95,Stanley et al (1988),Stanley et al (1988)
Globoturborotalita labiacrassata,32,22.2,O2,M1b,OA,OA,CK95,Spezzaferri et al (2018),Spezzaferri et al (2018)
Globoturborotalita martini,44.4,27.5,E9,O5,OA,OA,CK95,Wade stratigraphic range dates (2018),Spezzaferri et al (2018)
Globoturborotalita nepenthes,11.55,4.36,M11,PL1,Wade,Wade,CK95,Wade et al (2011),Wade et al (2011)
Globoturborotalita occlusa,32.9,12.5,O1,M9b,OA,OA,CK95,Spezzaferri et al (2018),Wade stratigraphic range dates (2018)
Globoturborotalita ouachitaensis,43.1,21.8,E10,M2,Aze,OA,CK95,Olsson et al (2006a),Spezzaferri et al (2018)
Globoturborotalita paracancellata,33.9,25.9,E16,O6,OA,OA,CK95,Spezzaferri et al (2018),Wade stratigraphic range dates (2018)
Globoturborotalita pseudopraebulloides,31.8,14.4,O2,M6,OA,OA,CK95,Spezzaferri et al (2018),Wade stratigraphic range dates (2018)
Globoturborotalita rubescens,3.6,0,PL3,Extant,Aze,Extant,CK95,Chaisson and Pearson (1997),Stanley et al (1988)
Globoturborotalita tenella,2.4,0,PL5,Extant,Aze,Extant,CK95,Kennett and Srinivasan (1983),Kennett and Srinivasan (1983)
Globoturborotalita woodi,29.4,2.3,O4,PL6,OA,OA,CK95,Spezzaferri et al (2018),Wade stratigraphic range dates (2018)
Guembelitria cretacea,72.05,63.67,G. elevata,P1b,PA,PA,CK95,Olsson et al (1999),Olsson et al (1999)
Guembelitrioides nuttalli,46.4,42.3,E8,E10,Aze,Aze,CK95,Olsson et al (2006a),Olsson et al (2006a)
Hantkenina alabamensis,39.8,33.7,E13,E16,Aze,Aze,CK95,Coxall and Pearson (2006),Coxall and Pearson (2006)
Hantkenina australis,42.3,38.1,E11,E13,Aze,Aze,CK95,Coxall and Pearson (2006),Coxall and Pearson (2006)
Hantkenina compressa,41.2,33.7,E11,E16,Aze,Aze,CK95,Coxall and Pearson (2006),Coxall and Pearson (2006)
Hantkenina dumblei,43.9,39,E9,E13,Aze,Aze,CK95,Coxall and Pearson (2006),Coxall and Pearson (2006)
Hantkenina lehneri,43.91,41.4,E9,E11,Aze,Aze,CK95,Coxall and Pearson (2006),Coxall and Pearson (2006)
Hantkenina liebusi,44.2,39.7,E9,E13,Aze,Aze,CK95,Coxall and Pearson (2006),Coxall and Pearson (2006)
Hantkenina mexicana,44.41,43.8,E8,E9,Aze,Aze,CK95,Coxall and Pearson (2006),Coxall and Pearson (2006)
Hantkenina nanggulanensis,38.1,33.7,E13,E16,Aze,Aze,CK95,Coxall and Pearson (2006),Coxall and Pearson (2006)
Hantkenina primitiva,40,33.7,E13,E16,Aze,Aze,CK95,Coxall and Pearson (2006),Coxall and Pearson (2006)
Hantkenina singanoae,44.5,44.4,E8,E8,Aze,Aze,CK95,Coxall and Pearson (2006),Coxall and Pearson (2006)
Hastigerina pelagica,8.58,0.00,M13b,Extant,Mikrotax,Extant,GTS2012,,
Hastigerinella digitata,2.59,0.00,PL5,Extant,Mikrotax,Extant,GTS2012,,
Hirsutella bermudezi,2,0,PL6,Extant,Aze,Extant,CK95,D. R. M. Stewart unpublished data,D. R. M. Stewart unpublished data
Hirsutella challengeri,15.15,10,M5b,M12,Aze,Aze,CK95,D. R. M. Stewart unpublished data,D. R. M. Stewart unpublished data
Hirsutella cibaoensis,9.34,4.6,M13a,PL1,Wade,Wade,CK95,Wade et al (2011),D. R. M. Stewart unpublished data
Hirsutella evoluta,4.8,3.9,PL1,PL2,Aze,Aze,CK95,D. R. M. Stewart unpublished data,D. R. M. Stewart unpublished data
Hirsutella gigantea,14.99,8.8,M6,M13a,Aze,Aze,CK95,D. R. M. Stewart unpublished data,D. R. M. Stewart unpublished data
Hirsutella hirsuta,3,0,PL5,Extant,Aze,Extant,CK95,D. R. M. Stewart unpublished data,D. R. M. Stewart unpublished data
Hirsutella juanai,10.9,4.8,M11,PL1,Aze,Aze,CK95,D. R. M. Stewart unpublished data,D. R. M. Stewart unpublished data
Hirsutella margaritae,5.89,2.95,M14,PL5,Aze,Aze,CK95,D. R. M. Stewart unpublished data,D. R. M. Stewart unpublished data
Hirsutella praemargaritae,8.2,5.7,M13b,M14,Aze,Aze,CK95,Aze et al (2011),Aze et al (2011)
Hirsutella praescitula,18.5,11.9,M3,M9b,Wade,Wade,CK95,D. R. M. Stewart unpublished data,Wade et al (2011)
Hirsutella primitiva,5.9,4.8,M14,PL1,Aze,Aze,CK95,D. R. M. Stewart unpublished data,D. R. M. Stewart unpublished data
Hirsutella scitula,15,0,M6,Extant,Aze,Extant,CK95,D. R. M. Stewart unpublished data,D. R. M. Stewart unpublished data
Hirsutella theyeri,3.5,0,PL3,Extant,Aze,Extant,CK95,D. R. M. Stewart unpublished data,D. R. M. Stewart unpublished data
Igorina albeari,60,55.9,P3b,P4c,Wade,Aze,CK95,Wade et al (2011),Berggren et al (1999)
Igorina pusilla,60.95,59.5,P3a,P3b,Aze,Aze,CK95,Berggren et al (1999),Berggren et al (1999)
Igorina tadjikistanensis,60,55.4,P3b,E1,Aze,Aze,CK95,Berggren et al (1999),Berggren et al (1999)
Jenkinsina columbiana,61.40,21.81,P2,M1b,OA,OA,CK95,Premec Fucek et al (2018),Premec Fucek et al (2018)
Jenkinsina triseriata,50.40,27.60,E7a,O5,EA,OA,CK95,Huber et al (2006),Premec Fucek et al (2018)
Menardella archeomenardii,15.6,14.2,M5b,M7,Aze,Aze,CK95,D. R. M. Stewart unpublished data,D. R. M. Stewart unpublished data
Menardella exilis,5.7,1.9,M14,PL6,Aze,Aze,CK95,D. R. M. Stewart unpublished data,D. R. M. Stewart unpublished data
Menardella limbata,11.4,2.3,M11,PL6,Aze,Aze,CK95,D. R. M. Stewart unpublished data,D. R. M. Stewart unpublished data
Menardella menardii,12.31,0,M9b,Extant,Aze,Extant,CK95,D. R. M. Stewart unpublished data,D. R. M. Stewart unpublished data
Menardella miocenica,3.3,2.4,PL3,PL5,Aze,Aze,CK95,Chaisson and Leckie (1993),D. R. M. Stewart unpublished data
Menardella multicamerata,6.5,2.2,M13b,PL6,Aze,Aze,CK95,D. R. M. Stewart unpublished data,D. R. M. Stewart unpublished data
Menardella pertenuis,3.2,1.7,PL3,PT1a,Aze,Aze,CK95,Chaisson and Pearson (1997),D. R. M. Stewart unpublished data
Menardella praemenardii,14.6,12.3,M6,M9b,Aze,Aze,CK95,Chaisson and Pearson (1997),D. R. M. Stewart unpublished data
Menardella pseudomiocenica,7.5,2.4,M13b,PL5,Aze,Aze,CK95,Chaisson and Leckie (1993),D. R. M. Stewart unpublished data
Morozovella acuta,59.15,54.45,P4b,E3,Aze,Aze,CK95,Chaisson and Leckie (1993),D. R. M. Stewart unpublished data
Morozovella acutispira,59.4,56.35,P4a,P4c,Aze,Aze,CK95,Berggren et al (1999),Berggren et al (1999)
Morozovella aequa,56.5,50.8,P4c,E5,Aze,Aze,CK95,Berggren et al (1999),Berggren et al (1999)
Morozovella allisonensis,55.5,55.4,E1,E1,Aze,Aze,CK95,Berggren and Pearson (2006),Berggren and Pearson (2006)
Morozovella angulata,60.95,59.3,P3a,P4a,Aze,Aze,CK95,Berggren et al (1999),Berggren et al (1999)
Morozovella apanthesma,60,54.45,P3b,E3,Aze,Aze,CK95,Berggren et al (1999),Berggren and Pearson (2006)
Morozovella aragonensis,52.3,43.6,E5,E9,Aze,Aze,CK95,Berggren and Pearson (2006),Berggren and Pearson (2006)
Morozovella caucasica,50.8,45.15,E6,E8,Aze,Aze,CK95,Berggren and Pearson (2006),NEPTUNE
Morozovella conicotruncata,60.8,59.3,P3a,P4a,Aze,Aze,CK95,Berggren et al (1999),Berggren et al (1999)
Morozovella crater,53.5,43.9,E4,E9,Aze,Aze,CK95,Berggren and Pearson (2006),Berggren and Pearson (2006)
Morozovella edgari,54.9,54,E2,E3,Aze,Aze,CK95,Berggren and Pearson (2006),Berggren and Pearson (2006)
Morozovella formosa,54,50.4,E4,E6,Aze,Aze,CK95,Berggren and Pearson (2006),Berggren and Pearson (2006)
Morozovella gracilis,55.7,50.8,P5,E5,Aze,Aze,CK95,Berggren et al (1999),Berggren et al (1999)
Morozovella lensiformis,54,50.6,E4,E6,Aze,Aze,CK95,Berggren and Pearson (2006),Berggren and Pearson (2006)
Morozovella marginodentata,55.55,51.6,P5,E5,Aze,Aze,CK95,Berggren and Pearson (2006),Berggren and Pearson (2006)
Morozovella occlusa,59.35,54.45,P4a,E2,Aze,Aze,CK95,Berggren et al (1999),Berggren et al (1999)
Morozovella pasionensis,59.5,54.45,P3b,E2,Aze,Aze,CK95,Berggren and Pearson (2006),Berggren and Pearson (2006)
Morozovella praeangulata,61.15,60,P2,P3a,Aze,Aze,CK95,Berggren et al (1999),Berggren et al (1999)
Morozovella subbotinae,55.9,50.8,P5,E5,Aze,Aze,CK95,Berggren et al (1999),Berggren et al (1999)
Morozovella velascoensis,60,54.5,P3b,E2,Wade,Wade,CK95,Berggren et al (1999),Berggren et al (1999)
Morozovelloides bandyi,48.1,42.3,E7b,E10,Aze,Aze,CK95,Pearson and Berggren (2006),Pearson and Berggren (2006)
Morozovelloides coronatus,45.4,40.1,E8,E12,Aze,Aze,CK95,Pearson and Berggren (2006),Pearson and Berggren (2006)
Morozovelloides crassatus,45.9,38,E8,E13,Aze,Aze,CK95,Pearson and Berggren (2006),Pearson and Berggren (2006)
Morozovelloides lehneri,44.65,40.1,E8,E12,Aze,Aze,CK95,Pearson and Berggren (2006),Pearson and Berggren (2006)
Muricohedbergella holmdelensis,70.6,64.9,R. calcarata,Pa,Aze,Aze,CK95,Olsson et al (1999b),Olsson et al (1999b)
Muricohedbergella monmouthensis,69.2,64.85,G. gansseri,Pa,Aze,Aze,CK95,Olsson et al (1999b),Olsson et al (1999b)
Mutabella mirabilis,19.05,13.89,M3,M7,Pearson,Pearson,CK95,,
Neogloboquadrina acostaensis,10.9,1.7,M11,PT1a,Aze,Aze,CK95,Kennett and Srinivasan (1983),Kennett and Srinivasan (1983)
Neogloboquadrina dutertrei,6.9,0,M13b,Extant,Aze,Extant,CK95,Chaisson and Pearson (1997),Chaisson and Pearson (1997)
Neogloboquadrina humerosa,8.5,1.6,M13b,PT1a,Wade,Aze,CK95,Wade et al (2011),Chaisson and Pearson (1997)
Neogloboquadrina incompta,10.4,0,M12,Extant,Other,Extant,GTS2012,Darling and Wade (2008); Darling et al (2006),Darling and Wade (2008)
Neogloboquadrina inglei,1.9,0.7,PL6,PT1a,Other,Other,CK95,Kucera and Kennett (2000),Kucera and Kennett (2000)
Neogloboquadrina pachyderma,10.8,0,M11,Extant,Aze,Extant,CK95,Chaisson and Pearson (1997),Chaisson and Pearson (1997)
Orbulina suturalis,15.1,0,M6,Extant,Aze,Extant,CK95,Kennett and Srinivasan (1983),Kennett and Srinivasan (1983)
Orbulina universa,15.05,0,M6,Extant,Aze,Extant,CK95,Kennett and Srinivasan (1983),Kennett and Srinivasan (1983)
Orbulinoides beckmanni,40.5,40,E12,E12,Aze,Aze,CK95,Silva et al (2006),Silva et al (2006)
Orcadia riedeli,1.93,0.00,PL6,Extant,Mikrotax,Extant,GTS2012,Kennett and Srinivasan (1983),Kennett and Srinivasan (1983)
Paragloborotalia acrostoma,24.1,15.15,O7,M5b,OA,OA,CK95,Leckie et al (2018),Kennett and Srinivasan (1983)
Paragloborotalia birnageae,28.65,7,O4,M13b,OA,OA,CK95,Leckie et al (2018),Wade stratigraphic range dates (2018)
Paragloborotalia continuosa,24.5,8,O7,M13b,OA,OA,CK95,Leckie et al (2018),Wade stratigraphic range dates (2018)
Paragloborotalia griffinoides,55.45,33.7,E1,E16,Aze,Aze,CK95,Olsson et al (2006a),Olsson et al (2006a)
Paragloborotalia incognita,23.55,18.2,M1a,M3,OA,OA,CK95,Leckie et al (2018),Leckie et al (2018)
Paragloborotalia kugleri,23.73,21.81,M1a,M1b,OA,OA,CK95,Leckie et al (2018),Leckie et al (2018)
Paragloborotalia mayeri,24.1,10.53,O7,M11,OA,OA,CK95,Leckie et al (2018),Kennett and Srinivasan (1983)
Paragloborotalia nana,48,21.6,E7b,M2,OA,OA,CK95,Wade stratigraphic range dates (2018),Leckie et al (2018)
Paragloborotalia opima,30.6,27.5,O2,O5,OA,OA,CK95,Leckie et al (2018),Leckie et al (2018)
Paragloborotalia pseudocontinuosa,31.15,15.9,O2,M5b,OA,OA,CK95,Leckie et al (2018),Wade stratigraphic range dates (2018)
Paragloborotalia pseudokugleri,25.9,22.04,O7,M1b,OA,OA,CK95,Leckie et al (2018),Leckie et al (2018)
Paragloborotalia semivera,29.2,16.3,O4,M5a,OA,OA,CK95,Leckie et al (2018),Leckie et al (2018)
Paragloborotalia siakensis,31,10.53,O2,M11,OA,OA,CK95,Leckie et al (2018),Wade stratigraphic range dates (2018)
Parasubbotina eoclava,49.25,44,E7a,E9,Aze,Aze,CK95,Olsson et al (2006a),Olsson et al (2006a)
Parasubbotina griffinae,48.4,37.3,E7b,E14,Aze,Aze,CK95,Olsson et al (2006a),Olsson et al (2006a)
Parasubbotina hagni,49.3,32.85,E7a,O1,OA,OA,CK95,Wade stratigraphic range dates (2018),Leckie et al (2018)
Parasubbotina inaequispira,55.5,45.4,E1,E8,Aze,Aze,CK95,Olsson et al (2006a),Olsson et al (2006a)
Parasubbotina prebetica,51.7,50.9,E5,E5,Aze,Aze,CK95,Olsson et al (2006a),Olsson et al (2006a)
Parasubbotina pseudobulloides,64.9,59.7,Pa,P3b,Aze,Aze,CK95,Olsson et al (1999a),Olsson et al (1999a)
Parasubbotina pseudowilsoni,47.6,40.5,E7b,E11,Aze,Aze,CK95,Olsson et al (2006a),Olsson et al (2006a)
Parasubbotina varianta,62,32.85,P1c,O1,OA,OA,CK95,Wade stratigraphic range dates (2018),Leckie et al (2018)
Parasubbotina variospira,61,59.3,P3a,P4a,Aze,Aze,CK95,Olsson et al (1999a),Olsson et al (1999a)
Parvularugoglobigerina alabamensis,64.9,59.9,Pa,P3b,PA,PA,CK95,Olsson et al (1999),Olsson et al (1999)
Parvularugoglobigerina eugubina,65.94,65.72,Pa,Pa,GTS 2012,GTS 2012,GTS2012,GTS (2012),GTS (2012)
Parvularugoglobigerina extensa,65.76,65.72,Pa,Pa,GTS 2012,Mikrotax,GTS2012,GTS (2012),
Pearsonites anapetes,45.4,43.6,E8,E9,Aze,Aze,CK95,Berggren et al (2006b),Berggren et al (2006b)
Pearsonites broedermanni,55.6,43.7,P5,E9,Aze,Aze,CK95,Berggren et al (2006b),Berggren et al (2006b)
Pearsonites lodoensis,55.8,50.5,P5,E6,Aze,Aze,CK95,Berggren et al (2006b),Berggren et al (2006b)
Planoglobanomalina pseudoalgeriana,50.8,45.2,E6,E8,Aze,Aze,CK95,Olsson and Hemleben (2006),Olsson and Hemleben (2006)
Planorotalites capdevilensis,50.4,38,E7a,E13,Aze,Aze,CK95,Berggren et al (2006b),Berggren et al (2006b)
Planorotalites pseudoscitula,55.9,46.4,P5,E7b,Aze,Aze,CK95,Berggren et al (2006b),Berggren et al (2006b)
Praemurica inconstans,62.8,60.9,P1c,P3a,Aze,Aze,CK95,Berggren et al (1999),Berggren et al (1999)
Praemurica nikolasi,66,63.5,P0,P1c,Other,Other,GTS2012,Koutsoukos 2014,Koutsoukos 2014
Praemurica pseudoinconstans,64.8,61.15,P1a,P2,Aze,Aze,CK95,Berggren et al (1999),Berggren et al (1999)
Praemurica taurica,64.9,63.8,Pa,P1b,Aze,Aze,CK95,Berggren et al (1999),Berggren et al (1999)
Praemurica uncinata,61.2,60.7,P2,P3a,Aze,Aze,CK95,Berggren et al (1999),Berggren et al (1999)
Praeorbulina circularis,15.7,14.9,M5b,M6,Aze,Aze,CK95,Kennett and Srinivasan (1983),Kennett and Srinivasan (1983)
Praeorbulina curva,16.3,15,M5a,M6,Wade,Aze,CK95,Wade et al (2011),Kennett and Srinivasan (1983)
Praeorbulina glomerosa,15.8,15,M5b,M6,Aze,Aze,CK95,Kennett and Srinivasan (1983),Kennett and Srinivasan (1983)
Praepararotalia perclara,65.5,43.6,P. hantkenoides,E9,Aze2,Aze2,CK95,,
Protentella nicobarensis,29.39,4,O4,PL2,Aze,Aze,CK95,Kennett and Srinivasan (1983),Kennett and Srinivasan (1983)
Protentella prolixa,29.4,11.4,O4,M11,Aze,Aze,CK95,Kennett and Srinivasan (1983),Kennett and Srinivasan (1983)
Protentelloides dalhousiei,25.4,22.5,O7,M1b,OA,OA,CK95,Coxall and Spezzaferri (2018),Coxall and Spezzaferri (2018)
Protentelloides primitivus,25.75,22.5,O7,M1b,OA,OA,CK95,Coxall and Spezzaferri (2018),Coxall and Spezzaferri (2018)
Pseudoglobigerinella bolivariana,48.1,43.1,E7b,E10,Aze,Aze,CK95,Olsson et al (2006a),Olsson et al (2006a)
Pseudohastigerina micra,49.7,32.8,E7a,O1,OA,OA,CK95,Wade stratigraphic range dates (2018),Pearson et al (2018)
Pseudohastigerina naguewichiensis,36.3,32,E14,O1,OA,OA,CK95,Olsson and Hemleben (2006),Pearson et al (2018)
Pseudohastigerina sharkriverensis,48,39.3,E7b,E13,Aze,Aze,CK95,Olsson and Hemleben (2006),Olsson and Hemleben (2006)
Pseudohastigerina wilcoxensis,55.3,43.3,E2,E10,Aze,Aze,CK95,Olsson and Hemleben (2006),Olsson and Hemleben (2006)
Pulleniatina finalis,2.05,0,PL6,Extant,Wade,Extant,CK95,Wade et al (2011),Chaisson and Pearson (1997)
Pulleniatina obliquiloculata,5.6,0,PL1,Extant,Aze,Extant,CK95,Chaisson and Pearson (1997),Chaisson and Pearson (1997)
Pulleniatina praecursor,6.8,1.75,M13b,PT1a,Aze,Aze,CK95,Banner and Blow (1967),Banner and Blow (1967)
Pulleniatina praespectabilis,4.6,4.4,PL1,PL1,Aze,Aze,CK95,Banner and Blow (1967),Banner and Blow (1967)
Pulleniatina primalis,6.4,1.3,M13b,PT1a,Wade,Aze,CK95,Wade et al (2011),Chaisson and Pearson (1997)
Pulleniatina spectabilis,5.2,4.2,PL1,PL2,Aze,Aze,CK95,Banner and Blow (1967),Banner and Blow (1967)
Quiltyella clavacella,28.7,16.6,O4,M4b,OA,OA,CK95,Spezzaferri et al (2018),Spezzaferri et al (2018)
Quiltyella nazcaensis,25.9,22.25,O7,M1b,OA,OA,CK95,Spezzaferri et al (2018),Spezzaferri et al (2018)
Rectoguembelina cretacea,69.18,61.4,A. mayaroensis,P1c,PA,PA,CK95,Olsson et al (1999),Olsson et al (1999)
Riveroinella martinezpicoi,16.29,15.1,M5b,M5b,Aze2,Aze2,CK95,,
Sphaeroidinella dehiscens,5.6,0,PL1,Extant,Aze,Extant,CK95,Kennett and Srinivasan (1983),Chaisson and Pearson (1997)
Sphaeroidinellopsis disjuncta,18.1,12.1,M3,M9b,Aze,Aze,CK95,Kennett and Srinivasan (1983),Kennett and Srinivasan (1983)
Sphaeroidinellopsis kochi,14.4,4.52,M6,PL1,Aze,Wade,CK95,Kennett and Srinivasan (1983),Wade et al (2011)
Sphaeroidinellopsis paenedehiscens,7.1,2.3,M13b,PL6,Aze,Aze,CK95,Kennett and Srinivasan (1983),Chaisson and Pearson (1997)
Sphaeroidinellopsis seminulina,16.4,3.16,M5a,PL3,Aze,Wade,CK95,Kennett and Srinivasan (1983),Wade et al (2011)
Streptochilus globigerum,6.6,0,M13b,Extant,Mikrotax,Mikrotax,GTS2012,Resig (1989),
Streptochilus globulosum,4.37,0,PL2,Extant,Mikrotax,Mikrotax,GTS2012,Resig (1989),
Streptochilus latum,9.83,5.72,M13a,M14,Mikrotax,Mikrotax,GTS2012,Resig (1989),Resig (1989)
Streptochilus martini,43.5,30.3,E10,O2,EA,OA,CK95,Huber et al (2006),Smart and Thomas (2018)
Streptochilus pristinum,27.5,9.79,O6,M12,OA,OA,CK95,Smart and Thomas (2018),Smart and Thomas (2018)
Subbotina angiporoides,42.3,30,E11,O3,Aze,OA,CK95,Olsson et al (2006a),Wade et al (2018)
Subbotina cancellata,61.5,56.8,P1c,P4b,PA,Aze,CK95,Olsson et al (1999a),Olsson et al (1999a)
Subbotina corpulenta,49.3,29.3,E7a,O4,OA,OA,CK95,Wade stratigraphic range dates (2018),Wade et al (2018)
Subbotina crociapertura,46.4,40,E8,E12,Aze,Aze,CK95,Olsson et al (2006b),Olsson et al (2006b)
Subbotina eocaena,50.8,26.1,E6,O6,OA,OA,CK95,Wade stratigraphic range dates (2018),Wade et al (2018)
Subbotina gortanii,39,25.2,E13,O7,OA,OA,CK95,Wade stratigraphic range dates (2018),Wade et al (2018)
Subbotina hornibrooki,55.6,52.5,P5,E4,Aze,Aze,CK95,Olsson et al (2006b),Olsson et al (2006b)
Subbotina jacksonensis,43.8,33.7,E9,E16,Aze,Aze,CK95,Olsson et al (2006a),Wade et al (2018)
Subbotina linaperta,52,31.8,E5,O2,Aze,OA,CK95,Olsson et al (2006a),Wade et al (2018)
Subbotina minima,44,30,E9,O3,OA,OA,CK95,Wade stratigraphic range dates (2018),Wade et al (2018)
Subbotina patagonica,57,45.15,P4b,E8,Aze,Aze,CK95,Olsson et al (2006b),Olsson et al (2006b)
Subbotina projecta,33.9,24.6,E16,O7,OA,OA,CK95,Wade et al (2018),Wade et al (2018)
Subbotina roesnaesensis,55.6,43.2,P5,E10,Aze,Aze,CK95,Olsson et al (2006b),Olsson et al (2006b)
Subbotina senni,50.6,38,E6,E13,Aze,Aze,CK95,Olsson et al (2006b),Olsson et al (2006b)
Subbotina tecta,35.5,32,E15,O1,OA,OA,CK95,Wade et al (2018),Wade et al (2018)
Subbotina triangularis,61.1,55.55,P2,P5,Aze,Aze,CK95,Olsson et al (1999a),Olsson et al (1999a)
Subbotina triloculinoides,64.3,59.3,P1b,P4a,Aze,Aze,CK95,Olsson et al (1999a),Olsson et al (1999a)
Subbotina trivialis,64.92,61,Pa,P2,Aze,Aze,CK95,Olsson et al (1999a),Olsson et al (1999a)
Subbotina utilisindex,39,30,E13,O3,OA,OA,CK95,Wade stratigraphic range dates (2018),Wade et al (2018)
Subbotina velascoensis,59.2,54.45,P4b,E3,Aze,Aze,CK95,Olsson et al (1999a),Olsson et al (1999a)
Subbotina yeguaensis,50.4,33.7,E7a,E16,Aze,Aze,CK95,Olsson et al (2006a),Wade et al (2018)
Tenuitella angustiumbilicata,33.20,20.00,O1,M2,OA,OA,CK95,Pearson et al (2018),Pearson et al (2018)
Tenuitella clemenciae,21.70,1.50,M2,PT1a,Pearson,Pearson,CK95,,GTS (2012)
Tenuitella fleisheri,1.8,0,PT1a,Extant,Aze2,Extant,CK95,,
Tenuitella gemma,34.60,24.30,E15,O7,EA,Wade,CK95,Pearson et al (2018),Wade et al (2011)
Tenuitella insolita,35.54,34.49,E15,E15,EA,EA,CK95,Huber et al (2006),Huber et al (2006)
Tenuitella iota,1.70,0.00,PT1a,Extant,Pearson,Extant,CK95,,
Tenuitella minutissima,21.70,13.70,M2,M8,Pearson,Pearson,CK95,,
Tenuitella munda,34.40,16.35,E15,M5a,OA,OA,CK95,Pearson et al (2018),Pearson et al (2018)
Tenuitella neobrevispira,14.50,13.70,M6,M8,Aze2,Aze2,CK95,,
Tenuitella parkerae,3.70,0.00,PL3,Extant,Pearson,Extant,CK95,,
Tenuitella patefacta,35.40,33.85,E15,E16,EA,EA,CK95,Huber et al (2006),Huber et al (2006)
Tenuitella praegemma,34.80,33.10,E15,O1,EA,EA,CK95,Huber et al (2006),Huber et al (2006)
Trilobatus altospiralis,22.6,7.5,M1b,M13b,OA,OA,CK95,Spezzaferri et al (2018),Wade stratigraphic range dates (2018)
Trilobatus bisphericus,18.2,15.6,M3,M5b,Aze,Aze,CK95,Pearson and Chaisson (1997),Pearson and Chaisson (1997)
Trilobatus immaturus,23.73,0,M1a,Extant,OA,Extant,CK95,Spezzaferri et al (2018),Spezzaferri et al (2018)
Trilobatus praeimmaturus,22.4,16,M1b,M5b,OA,OA,CK95,Spezzaferri et al (2018),Spezzaferri et al (2018)
Trilobatus primordius,26.7,17.62,O6,M3,OA,OA,CK95,Spezzaferri et al (2018),Spezzaferri et al (2018)
Trilobatus quadrilobatus,23.75,0,O7,Extant,OA,Extant,CK95,Spezzaferri et al (2018),Poole & Wade (2019)
Trilobatus sacculifer,10.9,0,M11,Extant,Aze,Extant,CK95,Chaisson and Pearson (1997),Chaisson and Pearson (1997)
Trilobatus sicanus,16.4,14.56,M5a,M6,Aze,Wade,CK95,Kennett and Srinivasan (1983),Wade et al (2011)
Trilobatus subsacculifer,23,8,M1b,M13b,OA,OA,CK95,Spezzaferri et al (2018),Wade stratigraphic range dates (2018)
Trilobatus trilobus,23.4,0,M1a,Extant,OA,Extant,CK95,Spezzaferri et al (2018),Chaisson and Pearson (1997)
Truncorotalia cavernula,0.9,0,PT1a,Extant,Aze,Extant,CK95,D. R. M. Stewart unpublished data,D. R. M. Stewart unpublished data
Truncorotalia crassaconica,4.3,3.5,PL2,PL3,Aze,Aze,CK95,D. R. M. Stewart unpublished data,D. R. M. Stewart unpublished data
Truncorotalia crassaformis,5.7,0,M14,Extant,Aze,Extant,CK95,D. R. M. Stewart unpublished data,D. R. M. Stewart unpublished data
Truncorotalia crassula,5.55,0.9,PL1,PT1a,Aze,Aze,CK95,D. R. M. Stewart unpublished data,Jenkins and Orr (1972)
Truncorotalia excelsa,1.85,0,PT1a,Extant,Aze,Extant,CK95,D. R. M. Stewart unpublished data,D. R. M. Stewart unpublished data
Truncorotalia hessi,1.8,0.4,PT1a,PT1b,Aze,Aze,CK95,D. R. M. Stewart unpublished data,D. R. M. Stewart unpublished data
Truncorotalia oceanica,5.5,0,PL1,Extant,Aze,Extant,CK95,D. R. M. Stewart unpublished data,D. R. M. Stewart unpublished data
Truncorotalia pachytheca,1.8,0,PT1a,Extant,Aze,Extant,CK95,D. R. M. Stewart unpublished data,D. R. M. Stewart unpublished data
Truncorotalia ronda,4,1,PL2,PT1a,Aze,Aze,CK95,D. R. M. Stewart unpublished data,D. R. M. Stewart unpublished data
Truncorotalia tenuitheca,3.4,1.3,PL3,PT1a,Aze,Aze,CK95,D. R. M. Stewart unpublished data,D. R. M. Stewart unpublished data
Truncorotalia tosaensis,3.35,0.61,PL3,PT1a,Wade,Wade,CK95,Wade et al (2011),Wade et al (2011)
Truncorotalia truncatulinoides,1.9,0,PL6,Extant,Aze,Extant,CK95,D. R. M. Stewart unpublished data,D. R. M. Stewart unpublished data
Truncorotalia viola,3.5,1.4,PL3,PT1a,Aze,Aze,CK95,D. R. M. Stewart unpublished data,D. R. M. Stewart unpublished data
Turborotalia altispiroides,40.8,37.2,E11,E14,Aze,Aze,CK95,Pearson et al (2006),Pearson et al (2006)
Turborotalia ampliapertura,40.3,30.3,E12,O2,OA,OA,CK95,Wade stratigraphic range dates (2018),Pearson and Kucera (2018)
Turborotalia cerroazulensis,41.8,33.8,E11,E16,Aze,Aze,CK95,Pearson et al (2006),Pearson et al (2006)
Turborotalia cocoaensis,38.6,33.8,E13,E16,Aze,Aze,CK95,Pearson et al (2006),Pearson et al (2006)
Turborotalia cunialensis,34.1,33.8,E16,E16,Aze,Aze,CK95,Pearson et al (2006),Pearson et al (2006)
Turborotalia frontosa,48.7,40.8,E7b,E11,Aze,Aze,CK95,Pearson et al (2006),Pearson et al (2006)
Turborotalia increbescens,39.1,31.6,E13,O2,OA,OA,CK95,Wade stratigraphic range dates (2018),Pearson and Kucera (2018)
Turborotalia pomeroli,43.2,34.6,E10,E15,Aze,Aze,CK95,Pearson et al (2006),Pearson et al (2006)
Turborotalia possagnoensis,43.95,40.8,E9,E11,Aze,Aze,CK95,Pearson et al (2006),Pearson et al (2006)
Turborotalita carcoselleensis,44.4,35.9,E9,E14,Aze,Aze,CK95,Olsson et al (2006b),Olsson et al (2006b)
Turborotalita clarkei,1.6,0,PT1a,Extant,Aze,Extant,CK95,Hemleben et al (1989),Hemleben et al (1989)
Turborotalita cristata,4.5,0,PL1,Extant,Aze,Extant,CK95,NEPTUNE,NEPTUNE
Turborotalita humilis,6,0,M14,Extant,Aze,Extant,CK95,Kennett and Srinivasan (1983),Kennett and Srinivasan (1983)
Turborotalita praequinqueloba,35.6,27.7,E15,O5,OA,OA,CK95,Wade stratigraphic range dates (2018),Pearson et al (2018)
Turborotalita quinqueloba,37,0,E14,Extant,OA,Extant,CK95,Wade stratigraphic range dates (2018),Kennett and Srinivasan (1983)
Woodringina claytonensis,64.97,63.3,Pa,P1b,PA,PA,CK95,Olsson et al (1999),Olsson et al (1999)
Woodringina hornerstownensis,64.95,59.4,Pa,P3b,PA,PA,CK95,Olsson et al (1999),Olsson et al (1999)
Zeauvigerina aegyptiaca,58,54.5,P4b,E2,EA,EA,CK95,Huber et al (2006),Huber et al (2006)
Zeauvigerina lodoensis,59.2,52.54,P4b,E4,EA,EA,CK95,Huber et al (2006),Huber et al (2006)
Zeauvigerina parri,49.7,43,E7a,E10,EA,EA,CK95,Huber et al (2006),Huber et al (2006)
Zeauvigerina virgata,63.9,55.5,P1b,P5,PA,PA,CK95,Olsson et al (1999),Olsson et al (1999)
Zeauvigerina waiparaensis,69.18,55.5,A. mayaroensis,P5,PA,PA,CK95,Olsson et al (1999),Olsson et al (1999)
Zeauvigerina zelandica,55.4,37.2,E2,E14,EA,EA,CK95,Huber et al (2006),Huber et al (2006)
